2014-12-14 00:00:23, 35.625939, 139.688085, periodicGPS, 1414.0,
2014-12-14 00:02:23, 35.625939, 139.688085, periodicGPS, 1414.0,
2014-12-14 00:04:23, 35.625939, 139.688085, periodicGPS, 1414.0,
2014-12-14 00:06:23, 35.625939, 139.688085, periodicGPS, 1414.0,
2014-12-14 00:08:23, 35.625939, 139.688085, periodicGPS, 1414.0,
2014-12-14 00:10:23, 35.625939, 139.688085, periodicGPS, 1414.0,
2014-12-14 00:12:23, 35.625939, 139.688085, periodicGPS, 1414.0,
2014-12-14 00:14:23, 35.625939, 139.688085, periodicGPS, 1414.0,
2014-12-14 00:16:23, 35.625939, 139.688085, periodicGPS, 1414.0,
2014-12-14 00:18:23, 35.625939, 139.688085, periodicGPS, 1414.0,
2014-12-14 00:20:23, 35.625939, 139.688085, periodicGPS, 1414.0,
2014-12-14 00:22:23, 35.625939, 139.688085, periodicGPS, 1414.0,
2014-12-14 00:24:23, 35.625939, 139.688085, periodicGPS, 1414.0,
2014-12-14 00:26:23, 35.625939, 139.688085, periodicGPS, 1414.0,
2014-12-14 00:28:23, 35.625939, 139.688085, periodicGPS, 1414.0,
2014-12-14 00:30:23, 35.625939, 139.688085, periodicGPS, 1414.0,
2014-12-14 00:32:23, 35.625939, 139.688085, periodicGPS, 1414.0,
2014-12-14 00:34:22, 35.626234, 139.687727, periodicGPS, 1414.0,
2014-12-14 00:36:22, 35.625985, 139.688048, periodicGPS, 1414.0,
2014-12-14 00:38:22, 35.626419, 139.687738, periodicGPS, 1414.0,
2014-12-14 00:40:23, 35.625946, 139.688080, periodicGPS, 1414.0,
2014-12-14 00:42:23, 35.625939, 139.688085, periodicGPS, 1414.0,
2014-12-14 00:44:22, 35.625939, 139.688085, periodicGPS, 1414.0,
2014-12-14 00:46:23, 35.625939, 139.688085, periodicGPS, 1414.0,
2014-12-14 00:48:23, 35.625939, 139.688085, periodicGPS, 1414.0,
2014-12-14 00:50:23, 35.628666, 139.686674, periodicGPS, 200.0,
2014-12-14 00:52:23, 35.626610, 139.687748, periodicGPS, 1414.0,
2014-12-14 00:54:22, 35.626548, 139.687760, periodicGPS, 1414.0,
2014-12-14 00:56:22, 35.626504, 139.687722, periodicGPS, 1414.0,
2014-12-14 00:58:23, 35.625948, 139.688079, periodicGPS, 1414.0,
2014-12-14 01:00:22, 35.628333, 139.686598, periodicGPS, 200.0,
2014-12-14 01:02:22, 35.626530, 139.687714, periodicGPS, 1414.0,
2014-12-14 01:04:22, 35.625948, 139.688079, periodicGPS, 1414.0,
2014-12-14 01:06:22, 35.625939, 139.688085, periodicGPS, 1414.0,
2014-12-14 01:08:22, 35.625939, 139.688085, periodicGPS, 1414.0,
2014-12-14 01:10:23, 35.626340, 139.687762, periodicGPS, 1414.0,
2014-12-14 01:12:22, 35.625945, 139.688080, periodicGPS, 1414.0,
2014-12-14 01:14:23, 35.625989, 139.688045, periodicGPS, 1414.0,
2014-12-14 01:16:22, 35.625940, 139.688084, periodicGPS, 1414.0,
2014-12-14 01:18:23, 35.628019, 139.686621, periodicGPS, 200.0,
2014-12-14 01:20:22, 35.626349, 139.687806, periodicGPS, 1414.0,
2014-12-14 01:22:22, 35.625945, 139.688081, periodicGPS, 1414.0,
2014-12-14 01:24:23, 35.628115, 139.686467, periodicGPS, 200.0,
2014-12-14 01:26:22, 35.626353, 139.687726, periodicGPS, 1414.0,
2014-12-14 01:28:23, 35.625945, 139.688079, periodicGPS, 1414.0,
2014-12-14 01:30:22, 35.625939, 139.688085, periodicGPS, 1414.0,
2014-12-14 01:32:23, 35.628380, 139.686304, periodicGPS, 50.0,
2014-12-14 01:34:22, 35.626535, 139.687617, periodicGPS, 1414.0,
2014-12-14 01:36:23, 35.626224, 139.687851, periodicGPS, 1414.0,
2014-12-14 01:38:23, 35.625943, 139.688081, periodicGPS, 1414.0,
2014-12-14 01:40:22, 35.625939, 139.688085, periodicGPS, 1414.0,
2014-12-14 01:42:23, 35.625939, 139.688085, periodicGPS, 1414.0,
2014-12-14 01:44:23, 35.625939, 139.688085, periodicGPS, 1414.0,
2014-12-14 01:46:22, 35.628104, 139.685743, periodicGPS, 200.0,
2014-12-14 01:48:23, 35.626495, 139.687547, periodicGPS, 1414.0,
2014-12-14 01:50:22, 35.628148, 139.686058, periodicGPS, 100.0,
2014-12-14 01:52:22, 35.626483, 139.687585, periodicGPS, 1414.0,
2014-12-14 01:54:23, 35.625947, 139.688078, periodicGPS, 1414.0,
2014-12-14 01:56:22, 35.628078, 139.686409, periodicGPS, 400.0,
2014-12-14 01:58:23, 35.626471, 139.687669, periodicGPS, 1414.0,
2014-12-14 02:00:22, 35.625947, 139.688079, periodicGPS, 1414.0,
2014-12-14 02:02:23, 35.625939, 139.688085, periodicGPS, 1414.0,
2014-12-14 02:04:22, 35.626355, 139.687763, periodicGPS, 1414.0,
2014-12-14 02:06:22, 35.625951, 139.688075, periodicGPS, 1414.0,
2014-12-14 02:08:22, 35.625939, 139.688085, periodicGPS, 1414.0,
2014-12-14 02:10:23, 35.625938, 139.688085, periodicGPS, 1414.0,
2014-12-14 02:12:22, 35.625938, 139.688085, periodicGPS, 1414.0,
2014-12-14 02:14:23, 35.625938, 139.688085, periodicGPS, 1414.0,
2014-12-14 02:16:22, 35.625938, 139.688085, periodicGPS, 1414.0,
2014-12-14 02:18:23, 35.625939, 139.688085, periodicGPS, 1414.0,
2014-12-14 02:20:23, 35.625939, 139.688085, periodicGPS, 1414.0,
2014-12-14 02:22:23, 35.625939, 139.688085, periodicGPS, 1414.0,
2014-12-14 02:24:22, 35.625939, 139.688085, periodicGPS, 1414.0,
2014-12-14 02:26:22, 35.625939, 139.688085, periodicGPS, 1414.0,
2014-12-14 02:28:22, 35.625939, 139.688085, periodicGPS, 1414.0,
2014-12-14 02:30:22, 35.627914, 139.686635, periodicGPS, 200.0,
2014-12-14 02:32:22, 35.627927, 139.686677, periodicGPS, 50.0,
2014-12-14 02:34:22, 35.627978, 139.686977, periodicGPS, 30.0,
2014-12-14 02:36:22, 35.628022, 139.686895, periodicGPS, 50.0,
2014-12-14 02:38:22, 35.628055, 139.686970, periodicGPS, 200.0,
2014-12-14 02:40:22, 35.626461, 139.687810, periodicGPS, 1414.0,
2014-12-14 02:42:22, 35.626466, 139.687802, periodicGPS, 1414.0,
2014-12-14 02:44:22, 35.625954, 139.688077, periodicGPS, 1414.0,
2014-12-14 02:46:23, 35.625938, 139.688085, periodicGPS, 1414.0,
2014-12-14 02:48:22, 35.625938, 139.688085, periodicGPS, 1414.0,
2014-12-14 02:50:22, 35.625938, 139.688085, periodicGPS, 1414.0,
2014-12-14 02:52:22, 35.625939, 139.688085, periodicGPS, 1414.0,
2014-12-14 02:54:22, 35.627888, 139.687891, periodicGPS, 400.0,
2014-12-14 02:56:22, 35.626449, 139.687989, periodicGPS, 1414.0,
2014-12-14 02:58:22, 35.625954, 139.688082, periodicGPS, 1414.0,
2014-12-14 03:00:22, 35.625938, 139.688085, periodicGPS, 1414.0,
2014-12-14 03:02:22, 35.625938, 139.688085, periodicGPS, 1414.0,
2014-12-14 03:04:22, 35.625939, 139.688085, periodicGPS, 1414.0,
2014-12-14 03:06:22, 35.625939, 139.688085, periodicGPS, 1414.0,
2014-12-14 03:08:22, 35.626580, 139.687563, periodicGPS, 1414.0,
2014-12-14 03:10:22, 35.626601, 139.687492, periodicGPS, 1414.0,
2014-12-14 03:12:22, 35.626536, 139.687701, periodicGPS, 1414.0,
2014-12-14 03:14:22, 35.625948, 139.688079, periodicGPS, 1414.0,
2014-12-14 03:16:22, 35.625939, 139.688085, periodicGPS, 1414.0,
2014-12-14 03:18:23, 35.626491, 139.687691, periodicGPS, 1414.0,
2014-12-14 03:20:22, 35.625948, 139.688079, periodicGPS, 1414.0,
2014-12-14 03:22:22, 35.626449, 139.687709, periodicGPS, 1414.0,
2014-12-14 03:24:22, 35.625947, 139.688079, periodicGPS, 1414.0,
2014-12-14 03:26:22, 35.625939, 139.688085, periodicGPS, 1414.0,
2014-12-14 03:27:24, 35.628293, 139.686460, clVisit, 67.652972,
2014-12-14 03:28:22, 35.628155, 139.686459, periodicGPS, 400.0,
2014-12-14 03:30:22, 35.626475, 139.687692, periodicGPS, 1414.0,
2014-12-14 03:32:22, 35.626471, 139.687689, periodicGPS, 1414.0,
2014-12-14 03:34:22, 35.625947, 139.688079, periodicGPS, 1414.0,
2014-12-14 03:36:22, 35.626404, 139.687207, periodicGPS, 1414.0,
2014-12-14 03:38:22, 35.625946, 139.688071, periodicGPS, 1414.0,
2014-12-14 03:40:22, 35.625939, 139.688084, periodicGPS, 1414.0,
2014-12-14 03:42:22, 35.625939, 139.688085, periodicGPS, 1414.0,
2014-12-14 03:44:22, 35.625939, 139.688085, periodicGPS, 1414.0,
2014-12-14 03:46:22, 35.626434, 139.687694, periodicGPS, 1414.0,
2014-12-14 03:48:22, 35.625947, 139.688079, periodicGPS, 1414.0,
2014-12-14 03:49:23, 35.627980, 139.686482, clVisit, 75.046109,
2014-12-14 03:50:22, 35.626429, 139.687688, periodicGPS, 1414.0,
2014-12-14 03:52:22, 35.625947, 139.688079, periodicGPS, 1414.0,
2014-12-14 03:54:22, 35.625939, 139.688085, periodicGPS, 1414.0,
2014-12-14 03:56:22, 35.625939, 139.688085, periodicGPS, 1414.0,
2014-12-14 03:58:22, 35.628135, 139.686505, periodicGPS, 50.0,
2014-12-14 04:00:22, 35.628139, 139.686569, periodicGPS, 30.0,
2014-12-14 04:02:22, 35.628157, 139.686611, periodicGPS, 30.0,
2014-12-14 04:04:22, 35.628175, 139.686591, periodicGPS, 10.0,
2014-12-14 04:06:22, 35.626496, 139.687712, periodicGPS, 1414.0,
2014-12-14 04:08:22, 35.628157, 139.686605, periodicGPS, 200.0,
2014-12-14 04:10:22, 35.628185, 139.686639, periodicGPS, 200.0,
2014-12-14 04:12:22, 35.628205, 139.686624, periodicGPS, 200.0,
2014-12-14 04:14:22, 35.628212, 139.686611, periodicGPS, 30.0,
2014-12-14 04:16:22, 35.628207, 139.686596, periodicGPS, 10.0,
2014-12-14 04:18:22, 35.628203, 139.686565, periodicGPS, 30.0,
2014-12-14 04:20:22, 35.626494, 139.687712, periodicGPS, 1414.0,
2014-12-14 04:22:22, 35.626484, 139.687720, periodicGPS, 1414.0,
2014-12-14 04:24:22, 35.628183, 139.686499, periodicGPS, 50.0,
2014-12-14 04:26:22, 35.628190, 139.686515, periodicGPS, 10.0,
2014-12-14 04:28:22, 35.628200, 139.686505, periodicGPS, 10.0,
2014-12-14 04:30:22, 35.628201, 139.686480, periodicGPS, 10.0,
2014-12-14 04:32:22, 35.628204, 139.686479, periodicGPS, 10.0,
2014-12-14 04:34:22, 35.628215, 139.686476, periodicGPS, 10.0,
2014-12-14 04:36:22, 35.628230, 139.686486, periodicGPS, 10.0,
2014-12-14 04:38:22, 35.628245, 139.686486, periodicGPS, 10.0,
2014-12-14 04:40:22, 35.630448, 139.687477, periodicGPS, 200.0,
2014-12-14 04:42:22, 35.629017, 139.686819, periodicGPS, 50.0,
2014-12-14 04:44:22, 35.628657, 139.686668, periodicGPS, 10.0,
2014-12-14 04:46:22, 35.628534, 139.686614, periodicGPS, 10.0,
2014-12-14 04:48:22, 35.628494, 139.686614, periodicGPS, 10.0,
2014-12-14 04:50:22, 35.628424, 139.686571, periodicGPS, 10.0,
2014-12-14 04:52:22, 35.628439, 139.686581, periodicGPS, 10.0,
2014-12-14 04:54:22, 35.628442, 139.686581, periodicGPS, 30.0,
2014-12-14 04:56:22, 35.628431, 139.686579, periodicGPS, 30.0,
2014-12-14 04:58:22, 35.628392, 139.686555, periodicGPS, 10.0,
2014-12-14 05:00:22, 35.628371, 139.686554, periodicGPS, 10.0,
2014-12-14 05:02:22, 35.628362, 139.686552, periodicGPS, 200.0,
2014-12-14 05:04:22, 35.628372, 139.686536, periodicGPS, 10.0,
2014-12-14 05:06:22, 35.628417, 139.686607, periodicGPS, 30.0,
2014-12-14 05:08:22, 35.628422, 139.686625, periodicGPS, 50.0,
2014-12-14 05:10:22, 35.628430, 139.686630, periodicGPS, 50.0,
2014-12-14 05:12:22, 35.628515, 139.686767, periodicGPS, 30.0,
2014-12-14 05:14:22, 35.628463, 139.687053, periodicGPS, 10.0,
2014-12-14 05:16:22, 35.628425, 139.686343, periodicGPS, 50.0,
2014-12-14 05:18:23, 35.628382, 139.686329, periodicGPS, 10.0,
2014-12-14 05:20:23, 35.628379, 139.686334, periodicGPS, 30.0,
2014-12-14 05:22:22, 35.628415, 139.686572, periodicGPS, 10.0,
2014-12-14 05:24:22, 35.628376, 139.686454, periodicGPS, 30.0,
2014-12-14 05:26:22, 35.628345, 139.686491, periodicGPS, 50.0,
2014-12-14 05:28:22, 35.628416, 139.686485, periodicGPS, 10.0,
2014-12-14 05:30:22, 35.628409, 139.686475, periodicGPS, 50.0,
2014-12-14 05:32:22, 35.628361, 139.686540, periodicGPS, 30.0,
2014-12-14 05:34:22, 35.628268, 139.686323, periodicGPS, 50.0,
2014-12-14 05:36:22, 35.628191, 139.686777, periodicGPS, 200.0,
2014-12-14 05:38:22, 35.626521, 139.687610, periodicGPS, 1414.0,
2014-12-14 05:40:22, 35.625948, 139.688078, periodicGPS, 1414.0,
2014-12-14 05:42:22, 35.625939, 139.688085, periodicGPS, 1414.0,
2014-12-14 05:44:22, 35.625939, 139.688085, periodicGPS, 1414.0,
2014-12-14 05:46:22, 35.626430, 139.687780, periodicGPS, 1414.0,
2014-12-14 05:48:22, 35.628231, 139.686752, periodicGPS, 200.0,
2014-12-14 05:50:22, 35.626462, 139.687768, periodicGPS, 1414.0,
2014-12-14 05:52:22, 35.626444, 139.687691, periodicGPS, 1414.0,
2014-12-14 05:54:22, 35.625947, 139.688079, periodicGPS, 1414.0,
2014-12-14 05:56:22, 35.628099, 139.686304, periodicGPS, 30.0,
2014-12-14 05:58:22, 35.628178, 139.686298, periodicGPS, 10.0,
2014-12-14 06:00:22, 35.628211, 139.686369, periodicGPS, 10.0,
2014-12-14 06:02:22, 35.628246, 139.686325, periodicGPS, 10.0,
2014-12-14 06:04:22, 35.628240, 139.686331, periodicGPS, 10.0,
2014-12-14 06:06:22, 35.628247, 139.686326, periodicGPS, 30.0,
2014-12-14 06:08:22, 35.628244, 139.686341, periodicGPS, 30.0,
2014-12-14 06:10:22, 35.628243, 139.686348, periodicGPS, 200.0,
2014-12-14 06:12:22, 35.627773, 139.686080, periodicGPS, 50.0,
2014-12-14 06:14:22, 35.628125, 139.686382, periodicGPS, 200.0,
2014-12-14 06:16:22, 35.628355, 139.686414, periodicGPS, 10.0,
2014-12-14 06:18:22, 35.628166, 139.686594, periodicGPS, 30.0,
2014-12-14 06:20:22, 35.626471, 139.687715, periodicGPS, 1414.0,
2014-12-14 06:22:22, 35.628069, 139.685964, periodicGPS, 200.0,
2014-12-14 06:24:22, 35.626410, 139.687616, periodicGPS, 1414.0,
2014-12-14 06:26:22, 35.628279, 139.685483, periodicGPS, 200.0,
2014-12-14 06:28:22, 35.626515, 139.687508, periodicGPS, 1414.0,
2014-12-14 06:30:22, 35.625948, 139.688076, periodicGPS, 1414.0,
2014-12-14 06:32:22, 35.628275, 139.686390, periodicGPS, 10.0,
2014-12-14 06:34:22, 35.628272, 139.686513, periodicGPS, 30.0,
2014-12-14 06:36:22, 35.628275, 139.686507, periodicGPS, 50.0,
2014-12-14 06:38:22, 35.628260, 139.686505, periodicGPS, 30.0,
2014-12-14 06:40:22, 35.628240, 139.686497, periodicGPS, 10.0,
2014-12-14 06:42:22, 35.628247, 139.686491, periodicGPS, 10.0,
2014-12-14 06:44:22, 35.628255, 139.686484, periodicGPS, 10.0,
2014-12-14 06:46:22, 35.628257, 139.686466, periodicGPS, 30.0,
2014-12-14 06:48:22, 35.628235, 139.686480, periodicGPS, 200.0,
2014-12-14 06:50:22, 35.628255, 139.686466, periodicGPS, 30.0,
2014-12-14 06:52:22, 35.628254, 139.686465, periodicGPS, 30.0,
2014-12-14 06:54:22, 35.628251, 139.686463, periodicGPS, 30.0,
2014-12-14 06:56:22, 35.628250, 139.686463, periodicGPS, 30.0,
2014-12-14 06:58:22, 35.628239, 139.686466, periodicGPS, 200.0,
2014-12-14 07:00:22, 35.628213, 139.686483, periodicGPS, 200.0,
2014-12-14 07:02:22, 35.628244, 139.686452, periodicGPS, 30.0,
2014-12-14 07:04:22, 35.628245, 139.686454, periodicGPS, 100.0,
2014-12-14 07:06:22, 35.628232, 139.686462, periodicGPS, 200.0,
2014-12-14 07:08:22, 35.628244, 139.686453, periodicGPS, 50.0,
2014-12-14 07:10:22, 35.628243, 139.686451, periodicGPS, 50.0,
2014-12-14 07:12:22, 35.628244, 139.686452, periodicGPS, 10.0,
2014-12-14 07:14:22, 35.628244, 139.686452, periodicGPS, 30.0,
2014-12-14 07:16:22, 35.628246, 139.686456, periodicGPS, 30.0,
2014-12-14 07:18:22, 35.628242, 139.686447, periodicGPS, 10.0,
2014-12-14 07:20:22, 35.628241, 139.686445, periodicGPS, 50.0,
2014-12-14 07:22:22, 35.628240, 139.686444, periodicGPS, 30.0,
2014-12-14 07:24:22, 35.628237, 139.686448, periodicGPS, 200.0,
2014-12-14 07:26:22, 35.628242, 139.686446, periodicGPS, 100.0,
2014-12-14 07:28:22, 35.628242, 139.686445, periodicGPS, 100.0,
2014-12-14 07:30:22, 35.626507, 139.687681, periodicGPS, 1414.0,
2014-12-14 07:32:22, 35.626477, 139.687701, periodicGPS, 1414.0,
2014-12-14 07:34:22, 35.625947, 139.688079, periodicGPS, 1414.0,
2014-12-14 07:36:22, 35.625938, 139.688085, periodicGPS, 1414.0,
2014-12-14 07:38:22, 35.625938, 139.688085, periodicGPS, 1414.0,
2014-12-14 07:40:22, 35.625939, 139.688085, periodicGPS, 1414.0,
2014-12-14 07:42:22, 35.625939, 139.688085, periodicGPS, 1414.0,
2014-12-14 07:44:22, 35.625939, 139.688085, periodicGPS, 1414.0,
2014-12-14 07:46:22, 35.625939, 139.688085, periodicGPS, 1414.0,
2014-12-14 07:48:22, 35.625939, 139.688085, periodicGPS, 1414.0,
2014-12-14 07:50:22, 35.626549, 139.687836, periodicGPS, 1414.0,
2014-12-14 07:52:22, 35.625948, 139.688081, periodicGPS, 1414.0,
2014-12-14 07:54:22, 35.625939, 139.688085, periodicGPS, 1414.0,
2014-12-14 07:56:22, 35.625939, 139.688085, periodicGPS, 1414.0,
2014-12-14 07:58:22, 35.625939, 139.688085, periodicGPS, 1414.0,
2014-12-14 08:00:22, 35.625939, 139.688085, periodicGPS, 1414.0,
2014-12-14 08:02:22, 35.625939, 139.688085, periodicGPS, 1414.0,
2014-12-14 08:04:22, 35.625939, 139.688085, periodicGPS, 1414.0,
2014-12-14 08:06:22, 35.625939, 139.688085, periodicGPS, 1414.0,
2014-12-14 08:08:22, 35.625939, 139.688085, periodicGPS, 1414.0,
2014-12-14 08:10:22, 35.625939, 139.688085, periodicGPS, 1414.0,
2014-12-14 08:12:22, 35.625939, 139.688085, periodicGPS, 1414.0,
2014-12-14 08:14:22, 35.625939, 139.688085, periodicGPS, 1414.0,
2014-12-14 08:16:22, 35.625939, 139.688085, periodicGPS, 1414.0,
2014-12-14 08:18:22, 35.625939, 139.688085, periodicGPS, 1414.0,
2014-12-14 08:20:22, 35.625939, 139.688085, periodicGPS, 1414.0,
2014-12-14 08:22:22, 35.625939, 139.688085, periodicGPS, 1414.0,
2014-12-14 08:24:22, 35.625939, 139.688085, periodicGPS, 1414.0,
2014-12-14 08:26:22, 35.625939, 139.688085, periodicGPS, 1414.0,
2014-12-14 08:28:22, 35.625939, 139.688085, periodicGPS, 1414.0,
2014-12-14 08:30:22, 35.625939, 139.688085, periodicGPS, 1414.0,
2014-12-14 08:32:22, 35.625939, 139.688085, periodicGPS, 1414.0,
2014-12-14 08:34:22, 35.626312, 139.687574, periodicGPS, 1414.0,
2014-12-14 08:36:22, 35.625951, 139.688069, periodicGPS, 1414.0,
2014-12-14 08:38:22, 35.625939, 139.688085, periodicGPS, 1414.0,
2014-12-14 08:40:22, 35.625939, 139.688085, periodicGPS, 1414.0,
2014-12-14 08:42:22, 35.625939, 139.688085, periodicGPS, 1414.0,
2014-12-14 08:44:22, 35.625939, 139.688085, periodicGPS, 1414.0,
2014-12-14 08:46:22, 35.625939, 139.688085, periodicGPS, 1414.0,
2014-12-14 08:48:22, 35.625939, 139.688085, periodicGPS, 1414.0,
2014-12-14 08:50:22, 35.625939, 139.688085, periodicGPS, 1414.0,
2014-12-14 08:52:22, 35.628470, 139.686538, periodicGPS, 200.0,
2014-12-14 08:54:22, 35.626604, 139.687714, periodicGPS, 1414.0,
2014-12-14 08:56:22, 35.625949, 139.688079, periodicGPS, 1414.0,
2014-12-14 08:58:22, 35.626579, 139.687730, periodicGPS, 1414.0,
2014-12-14 09:00:22, 35.626572, 139.687728, periodicGPS, 1414.0,
2014-12-14 09:02:22, 35.625949, 139.688079, periodicGPS, 1414.0,
2014-12-14 09:04:22, 35.625939, 139.688085, periodicGPS, 1414.0,
2014-12-14 09:06:22, 35.626420, 139.687677, periodicGPS, 1414.0,
2014-12-14 09:08:22, 35.625946, 139.688078, periodicGPS, 1414.0,
2014-12-14 09:10:22, 35.625939, 139.688085, periodicGPS, 1414.0,
2014-12-14 09:12:22, 35.625939, 139.688085, periodicGPS, 1414.0,
2014-12-14 09:14:22, 35.626569, 139.687727, periodicGPS, 1414.0,
2014-12-14 09:16:22, 35.628499, 139.686578, periodicGPS, 100.0,
2014-12-14 09:18:22, 35.626458, 139.687779, periodicGPS, 1414.0,
2014-12-14 09:20:22, 35.627672, 139.686036, periodicGPS, 200.0,
2014-12-14 09:22:22, 35.628185, 139.686122, periodicGPS, 100.0,
2014-12-14 09:24:22, 35.625986, 139.688043, periodicGPS, 1414.0,
2014-12-14 09:26:22, 35.628308, 139.686420, periodicGPS, 50.0,
2014-12-14 09:28:22, 35.628371, 139.686493, periodicGPS, 30.0,
2014-12-14 09:30:22, 35.625953, 139.688076, periodicGPS, 1414.0,
2014-12-14 09:32:22, 35.626186, 139.687934, periodicGPS, 1414.0,
2014-12-14 09:34:22, 35.628028, 139.686271, periodicGPS, 100.0,
2014-12-14 09:36:23, 35.625973, 139.688053, periodicGPS, 1414.0,
2014-12-14 09:38:22, 35.628752, 139.687470, periodicGPS, 200.0,
2014-12-14 09:40:22, 35.625928, 139.688093, periodicGPS, 1414.0,
2014-12-14 09:42:22, 35.625939, 139.688085, periodicGPS, 1414.0,
2014-12-14 09:44:22, 35.625939, 139.688085, periodicGPS, 1414.0,
2014-12-14 09:46:22, 35.628742, 139.686776, periodicGPS, 50.0,
2014-12-14 09:48:22, 35.628529, 139.686507, periodicGPS, 100.0,
2014-12-14 09:50:22, 35.628489, 139.686453, periodicGPS, 50.0,
2014-12-14 09:52:22, 35.628458, 139.686410, periodicGPS, 50.0,
2014-12-14 09:54:22, 35.628477, 139.686443, periodicGPS, 30.0,
2014-12-14 09:56:22, 35.628503, 139.686469, periodicGPS, 30.0,
2014-12-14 09:58:22, 35.628497, 139.686443, periodicGPS, 100.0,
2014-12-14 10:00:22, 35.626565, 139.687683, periodicGPS, 1414.0,
2014-12-14 10:02:22, 35.626560, 139.687679, periodicGPS, 1414.0,
2014-12-14 10:04:22, 35.628507, 139.686467, periodicGPS, 100.0,
2014-12-14 10:06:22, 35.628518, 139.686473, periodicGPS, 100.0,
2014-12-14 10:08:22, 35.626582, 139.687683, periodicGPS, 1414.0,
2014-12-14 10:10:22, 35.626069, 139.688005, periodicGPS, 1414.0,
2014-12-14 10:12:22, 35.625919, 139.688099, periodicGPS, 1414.0,
2014-12-14 10:14:22, 35.628605, 139.686116, periodicGPS, 50.0,
2014-12-14 10:16:22, 35.626052, 139.688001, periodicGPS, 1414.0,
2014-12-14 10:18:21, 35.626491, 139.688085, periodicGPS, 1414.0,
2014-12-14 10:20:22, 35.628938, 139.685893, periodicGPS, 10.0,
2014-12-14 10:22:22, 35.628990, 139.685671, periodicGPS, 2000.0,
2014-12-14 10:24:22, 35.627109, 139.687504, periodicGPS, 2000.0,
2014-12-14 10:26:22, 35.628588, 139.685405, periodicGPS, 10.0,
2014-12-14 10:28:16, 35.628334, 139.686398, clVisit, 44.339876,
2014-12-14 10:28:22, 35.628768, 139.685058, periodicGPS, 30.0,
2014-12-14 10:30:21, 35.617721, 139.676152, periodicGPS, 50.0,
2014-12-14 10:31:32, 35.611957, 139.671154, normalCell, 1000.0,
2014-12-14 10:32:24, 35.607407, 139.668756, periodicGPS, 10.0,
2014-12-14 10:34:21, 35.607277, 139.668873, periodicGPS, 10.0,
2014-12-14 10:36:21, 35.605464, 139.668091, periodicGPS, 10.0,
2014-12-14 10:36:25, 35.603127, 139.667682, normalCell, 10.0,
2014-12-14 10:38:21, 35.593957, 139.667829, periodicGPS, 10.0,
2014-12-14 10:40:22, 35.585044, 139.664912, periodicGPS, 10.0,
2014-12-14 10:41:26, 35.580234, 139.661831, normalCell, 10.0,
2014-12-14 10:42:22, 35.575809, 139.659913, periodicGPS, 50.0,
2014-12-14 10:44:22, 35.563531, 139.653880, periodicGPS, 10.0,
2014-12-14 10:46:22, 35.554817, 139.647407, periodicGPS, 10.0,
2014-12-14 10:46:47, 35.554697, 139.647314, normalCell, 1000.0,
2014-12-14 10:48:22, 35.541361, 139.638711, periodicGPS, 5.0,
2014-12-14 10:50:22, 35.529783, 139.632548, periodicGPS, 5.0,
2014-12-14 10:52:22, 35.522040, 139.629946, periodicGPS, 10.0,
2014-12-14 10:52:50, 35.522128, 139.629890, normalCell, 1000.0,
2014-12-14 10:54:22, 35.521651, 139.629851, periodicGPS, 10.0,
2014-12-14 10:56:22, 35.521640, 139.629883, periodicGPS, 10.0,
2014-12-14 10:57:50, 35.521104, 139.624480, normalCell, 10.0,
2014-12-14 10:58:22, 35.521103, 139.624480, periodicGPS, 10.0,
2014-12-14 11:00:22, 35.518523, 139.620937, periodicGPS, 10.0,
2014-12-14 11:02:22, 35.512876, 139.621694, periodicGPS, 10.0,
2014-12-14 11:02:51, 35.512927, 139.621672, normalCell, 10.0,
2014-12-14 11:04:22, 35.512669, 139.621785, periodicGPS, 10.0,
2014-12-14 11:06:22, 35.510005, 139.618738, periodicGPS, 105.609302,
2014-12-14 11:08:22, 35.510005, 139.618738, periodicGPS, 105.609302,
2014-12-14 11:10:22, 35.510005, 139.618738, periodicGPS, 105.609302,
2014-12-14 11:12:22, 35.508773, 139.616235, periodicGPS, 1507.3843,
2014-12-14 11:14:22, 35.508773, 139.616235, periodicGPS, 1507.3843,
2014-12-14 11:16:22, 35.508763, 139.616220, periodicGPS, 1414.0,
2014-12-14 11:18:22, 35.508763, 139.616220, periodicGPS, 1414.0,
2014-12-14 11:20:22, 35.508763, 139.616220, periodicGPS, 1414.0,
2014-12-14 11:22:22, 35.508763, 139.616220, periodicGPS, 1414.0,
2014-12-14 11:24:22, 35.508763, 139.616525, periodicGPS, 1414.0,
2014-12-14 11:26:22, 35.508763, 139.616209, periodicGPS, 1414.0,
2014-12-14 11:28:22, 35.508763, 139.616219, periodicGPS, 1414.0,
2014-12-14 11:30:22, 35.508763, 139.616220, periodicGPS, 1414.0,
2014-12-14 11:32:22, 35.508763, 139.616384, periodicGPS, 1414.0,
2014-12-14 11:34:22, 35.508763, 139.616214, periodicGPS, 1414.0,
2014-12-14 11:36:22, 35.508763, 139.616220, periodicGPS, 1414.0,
2014-12-14 11:38:22, 35.508763, 139.616220, periodicGPS, 1414.0,
2014-12-14 11:40:21, 35.508765, 139.616213, periodicGPS, 1414.0,
2014-12-14 11:42:21, 35.508693, 139.616416, periodicGPS, 1414.0,
2014-12-14 11:44:21, 35.508176, 139.617786, periodicGPS, 1764.29273,
2014-12-14 11:46:21, 35.508768, 139.616211, periodicGPS, 1414.0,
2014-12-14 11:48:21, 35.508750, 139.617346, periodicGPS, 1414.0,
2014-12-14 11:50:21, 35.508764, 139.617331, periodicGPS, 1414.0,
2014-12-14 11:52:22, 35.508773, 139.617329, periodicGPS, 1470.027839,
2014-12-14 11:54:21, 35.508763, 139.616232, periodicGPS, 1414.0,
2014-12-14 11:56:15, 35.509197, 139.618212, normalCell, 10.0,
2014-12-14 11:56:22, 35.509028, 139.618221, periodicGPS, 30.0,
2014-12-14 11:58:22, 35.508443, 139.617508, periodicGPS, 10.0,
2014-12-14 12:00:22, 35.508485, 139.616552, periodicGPS, 200.0,
2014-12-14 12:02:22, 35.508729, 139.616219, periodicGPS, 2000.0,
2014-12-14 12:04:22, 35.508773, 139.616226, periodicGPS, 2000.0,
2014-12-14 12:06:22, 35.508774, 139.616226, periodicGPS, 2000.0,
2014-12-14 12:08:22, 35.508774, 139.616226, periodicGPS, 2000.0,
2014-12-14 12:10:22, 35.508774, 139.616226, periodicGPS, 2000.0,
2014-12-14 12:12:22, 35.508774, 139.616226, periodicGPS, 2000.0,
2014-12-14 12:14:22, 35.508774, 139.616226, periodicGPS, 2000.0,
2014-12-14 12:16:22, 35.508774, 139.616226, periodicGPS, 2000.0,
2014-12-14 12:18:22, 35.508774, 139.616226, periodicGPS, 2000.0,
2014-12-14 12:20:22, 35.508774, 139.616226, periodicGPS, 2000.0,
2014-12-14 12:22:21, 35.508774, 139.616226, periodicGPS, 2000.0,
2014-12-14 12:24:22, 35.508774, 139.616226, periodicGPS, 2000.0,
2014-12-14 12:26:22, 35.508774, 139.616226, periodicGPS, 2000.0,
2014-12-14 12:28:22, 35.508774, 139.616226, periodicGPS, 2000.0,
2014-12-14 12:30:22, 35.506903, 139.619302, periodicGPS, 2000.0,
2014-12-14 12:32:22, 35.507459, 139.618243, periodicGPS, 2000.0,
2014-12-14 12:34:22, 35.507462, 139.618240, periodicGPS, 2000.0,
2014-12-14 12:36:22, 35.507462, 139.618240, periodicGPS, 2000.0,
2014-12-14 12:38:22, 35.507462, 139.618240, periodicGPS, 2000.0,
2014-12-14 12:40:21, 35.508780, 139.616217, periodicGPS, 2000.0,
2014-12-14 12:42:21, 35.508774, 139.616226, periodicGPS, 2000.0,
2014-12-14 12:44:21, 35.508774, 139.616226, periodicGPS, 2000.0,
2014-12-14 12:46:21, 35.508774, 139.616226, periodicGPS, 2000.0,
2014-12-14 12:48:21, 35.508774, 139.616226, periodicGPS, 2000.0,
2014-12-14 12:50:21, 35.508774, 139.616226, periodicGPS, 2000.0,
2014-12-14 12:52:21, 35.508774, 139.616226, periodicGPS, 2000.0,
2014-12-14 12:54:21, 35.508774, 139.616226, periodicGPS, 2000.0,
2014-12-14 12:56:21, 35.508774, 139.616226, periodicGPS, 2000.0,
2014-12-14 12:58:21, 35.508774, 139.616226, periodicGPS, 2000.0,
2014-12-14 13:00:21, 35.508774, 139.616226, periodicGPS, 2000.0,
2014-12-14 13:02:21, 35.508774, 139.616226, periodicGPS, 2000.0,
2014-12-14 13:04:21, 35.508774, 139.616226, periodicGPS, 2000.0,
2014-12-14 13:06:21, 35.506830, 139.616085, periodicGPS, 10.0,
2014-12-14 13:08:22, 35.506760, 139.615972, periodicGPS, 10.0,
2014-12-14 13:10:22, 35.506800, 139.615764, periodicGPS, 10.0,
2014-12-14 13:12:22, 35.509004, 139.614180, periodicGPS, 10.0,
2014-12-14 13:14:22, 35.511171, 139.617240, periodicGPS, 10.0,
2014-12-14 13:16:16, 35.515130, 139.620774, normalCell, 10.0,
2014-12-14 13:16:22, 35.515383, 139.620735, periodicGPS, 10.0,
2014-12-14 13:18:22, 35.522073, 139.621873, periodicGPS, 10.0,
2014-12-14 13:20:22, 35.519199, 139.623668, periodicGPS, 1481.391094,
2014-12-14 13:22:21, 35.519180, 139.623642, periodicGPS, 2000.0,
2014-12-14 13:24:22, 35.519180, 139.623642, periodicGPS, 2000.0,
2014-12-14 13:26:22, 35.516689, 139.626164, periodicGPS, 2000.0,
2014-12-14 13:28:21, 35.516678, 139.626175, periodicGPS, 2000.0,
2014-12-14 13:30:22, 35.519157, 139.623666, periodicGPS, 2000.0,
2014-12-14 13:32:22, 35.519181, 139.623641, periodicGPS, 2000.0,
2014-12-14 13:34:21, 35.519180, 139.623642, periodicGPS, 2000.0,
2014-12-14 13:36:22, 35.519180, 139.623642, periodicGPS, 2000.0,
2014-12-14 13:38:22, 35.519180, 139.623642, periodicGPS, 2000.0,
2014-12-14 13:40:21, 35.519180, 139.623642, periodicGPS, 2000.0,
2014-12-14 13:42:21, 35.519180, 139.623642, periodicGPS, 2000.0,
2014-12-14 13:44:21, 35.519180, 139.623642, periodicGPS, 2000.0,
2014-12-14 13:46:21, 35.519180, 139.623642, periodicGPS, 2000.0,
2014-12-14 13:48:21, 35.519180, 139.623642, periodicGPS, 2000.0,
2014-12-14 13:50:21, 35.519180, 139.623642, periodicGPS, 2000.0,
2014-12-14 13:52:21, 35.519180, 139.623642, periodicGPS, 2000.0,
2014-12-14 13:54:21, 35.519180, 139.623642, periodicGPS, 2000.0,
2014-12-14 13:56:21, 35.519180, 139.623642, periodicGPS, 2000.0,
2014-12-14 13:58:21, 35.519180, 139.623642, periodicGPS, 2000.0,
2014-12-14 14:00:21, 35.519180, 139.623642, periodicGPS, 2000.0,
2014-12-14 14:02:21, 35.519180, 139.623642, periodicGPS, 2000.0,
2014-12-14 14:04:21, 35.519180, 139.623642, periodicGPS, 2000.0,
2014-12-14 14:06:21, 35.519180, 139.623642, periodicGPS, 2000.0,
2014-12-14 14:08:21, 35.519180, 139.623642, periodicGPS, 2000.0,
2014-12-14 14:10:22, 35.519180, 139.623642, periodicGPS, 2000.0,
2014-12-14 14:12:22, 35.519180, 139.623642, periodicGPS, 2000.0,
2014-12-14 14:14:22, 35.519180, 139.623642, periodicGPS, 2000.0,
2014-12-14 14:16:22, 35.519180, 139.623642, periodicGPS, 2000.0,
2014-12-14 14:18:21, 35.519180, 139.623642, periodicGPS, 2000.0,
2014-12-14 14:20:21, 35.519180, 139.623642, periodicGPS, 2000.0,
2014-12-14 14:22:21, 35.519171, 139.623652, periodicGPS, 2000.0,
2014-12-14 14:24:21, 35.519180, 139.623642, periodicGPS, 2000.0,
2014-12-14 14:26:21, 35.519180, 139.623642, periodicGPS, 2000.0,
2014-12-14 14:28:21, 35.519180, 139.623642, periodicGPS, 2000.0,
2014-12-14 14:30:21, 35.519180, 139.623642, periodicGPS, 2000.0,
2014-12-14 14:32:21, 35.519180, 139.623642, periodicGPS, 2000.0,
2014-12-14 14:34:21, 35.519180, 139.623642, periodicGPS, 2000.0,
2014-12-14 14:36:21, 35.519180, 139.623642, periodicGPS, 2000.0,
2014-12-14 14:38:21, 35.519180, 139.623642, periodicGPS, 2000.0,
2014-12-14 14:40:21, 35.519180, 139.623642, periodicGPS, 2000.0,
2014-12-14 14:42:21, 35.519180, 139.623642, periodicGPS, 2000.0,
2014-12-14 14:44:22, 35.519180, 139.623642, periodicGPS, 2000.0,
2014-12-14 14:46:21, 35.519180, 139.623642, periodicGPS, 2000.0,
2014-12-14 14:48:21, 35.519180, 139.623642, periodicGPS, 2000.0,
2014-12-14 14:50:21, 35.519180, 139.623642, periodicGPS, 2000.0,
2014-12-14 14:52:21, 35.519180, 139.623642, periodicGPS, 2000.0,
2014-12-14 14:54:21, 35.517302, 139.625543, periodicGPS, 2000.0,
2014-12-14 14:56:21, 35.516680, 139.626173, periodicGPS, 2000.0,
2014-12-14 14:58:21, 35.516678, 139.626175, periodicGPS, 2000.0,
2014-12-14 15:00:22, 35.516678, 139.626175, periodicGPS, 2000.0,
2014-12-14 15:02:22, 35.516678, 139.626175, periodicGPS, 2000.0,
2014-12-14 15:04:21, 35.516678, 139.626175, periodicGPS, 2000.0,
2014-12-14 15:06:21, 35.516678, 139.626175, periodicGPS, 2000.0,
2014-12-14 15:08:21, 35.516678, 139.626175, periodicGPS, 2000.0,
2014-12-14 15:10:21, 35.516678, 139.626175, periodicGPS, 2000.0,
2014-12-14 15:12:21, 35.516678, 139.626175, periodicGPS, 2000.0,
2014-12-14 15:14:21, 35.516678, 139.626175, periodicGPS, 2000.0,
2014-12-14 15:16:21, 35.519102, 139.623721, periodicGPS, 2000.0,
2014-12-14 15:18:21, 35.519178, 139.623644, periodicGPS, 2000.0,
2014-12-14 15:20:21, 35.519180, 139.623642, periodicGPS, 2000.0,
2014-12-14 15:22:21, 35.516688, 139.626165, periodicGPS, 2000.0,
2014-12-14 15:24:21, 35.519105, 139.623718, periodicGPS, 2000.0,
2014-12-14 15:26:21, 35.519179, 139.623643, periodicGPS, 2000.0,
2014-12-14 15:28:21, 35.519180, 139.623642, periodicGPS, 2000.0,
2014-12-14 15:30:21, 35.519180, 139.623642, periodicGPS, 2000.0,
2014-12-14 15:32:21, 35.519180, 139.623642, periodicGPS, 2000.0,
2014-12-14 15:34:21, 35.519180, 139.623642, periodicGPS, 2000.0,
2014-12-14 15:36:21, 35.519180, 139.623642, periodicGPS, 2000.0,
2014-12-14 15:38:21, 35.519180, 139.623642, periodicGPS, 2000.0,
2014-12-14 15:40:21, 35.519180, 139.623642, periodicGPS, 2000.0,
2014-12-14 15:42:21, 35.519180, 139.623642, periodicGPS, 2000.0,
2014-12-14 15:44:21, 35.519180, 139.623642, periodicGPS, 2000.0,
2014-12-14 15:46:21, 35.519180, 139.623642, periodicGPS, 2000.0,
2014-12-14 15:48:21, 35.519180, 139.623642, periodicGPS, 2000.0,
2014-12-14 15:50:21, 35.519180, 139.623642, periodicGPS, 2000.0,
2014-12-14 15:52:21, 35.516688, 139.626165, periodicGPS, 2000.0,
2014-12-14 15:54:21, 35.516678, 139.626175, periodicGPS, 2000.0,
2014-12-14 15:56:21, 35.516678, 139.626175, periodicGPS, 2000.0,
2014-12-14 15:58:21, 35.516678, 139.626175, periodicGPS, 2000.0,
2014-12-14 16:00:21, 35.516678, 139.626175, periodicGPS, 2000.0,
2014-12-14 16:02:21, 35.516678, 139.626175, periodicGPS, 2000.0,
2014-12-14 16:04:21, 35.516678, 139.626175, periodicGPS, 2000.0,
2014-12-14 16:06:21, 35.516678, 139.626175, periodicGPS, 2000.0,
2014-12-14 16:08:21, 35.516678, 139.626175, periodicGPS, 2000.0,
2014-12-14 16:10:21, 35.516678, 139.626175, periodicGPS, 2000.0,
2014-12-14 16:12:21, 35.516678, 139.626175, periodicGPS, 2000.0,
2014-12-14 16:14:21, 35.516678, 139.626175, periodicGPS, 2000.0,
2014-12-14 16:16:21, 35.516678, 139.626175, periodicGPS, 2000.0,
2014-12-14 16:18:21, 35.516678, 139.626175, periodicGPS, 2000.0,
2014-12-14 16:20:21, 35.516678, 139.626175, periodicGPS, 2000.0,
2014-12-14 16:22:21, 35.516678, 139.626175, periodicGPS, 2000.0,
2014-12-14 16:24:21, 35.516678, 139.626175, periodicGPS, 2000.0,
2014-12-14 16:26:21, 35.516678, 139.626175, periodicGPS, 2000.0,
2014-12-14 16:28:21, 35.516678, 139.626175, periodicGPS, 2000.0,
2014-12-14 16:30:21, 35.516678, 139.626175, periodicGPS, 2000.0,
2014-12-14 16:32:21, 35.516678, 139.626175, periodicGPS, 2000.0,
2014-12-14 16:34:21, 35.516678, 139.626175, periodicGPS, 2000.0,
2014-12-14 16:36:21, 35.516678, 139.626175, periodicGPS, 2000.0,
2014-12-14 16:38:21, 35.516678, 139.626175, periodicGPS, 2000.0,
2014-12-14 16:40:21, 35.516678, 139.626175, periodicGPS, 2000.0,
2014-12-14 16:42:21, 35.516678, 139.626175, periodicGPS, 2000.0,
2014-12-14 16:44:21, 35.516678, 139.626175, periodicGPS, 2000.0,
2014-12-14 16:46:21, 35.516678, 139.626175, periodicGPS, 2000.0,
2014-12-14 16:48:20, 35.516678, 139.626175, periodicGPS, 2000.0,
2014-12-14 16:50:20, 35.516678, 139.626175, periodicGPS, 2000.0,
2014-12-14 16:52:20, 35.516678, 139.626175, periodicGPS, 2000.0,
2014-12-14 16:54:20, 35.516678, 139.626175, periodicGPS, 2000.0,
2014-12-14 16:56:20, 35.516678, 139.626175, periodicGPS, 2000.0,
2014-12-14 16:58:20, 35.516678, 139.626175, periodicGPS, 2000.0,
2014-12-14 17:00:20, 35.516678, 139.626175, periodicGPS, 2000.0,
2014-12-14 17:02:20, 35.516678, 139.626175, periodicGPS, 2000.0,
2014-12-14 17:04:20, 35.516678, 139.626175, periodicGPS, 2000.0,
2014-12-14 17:06:20, 35.516678, 139.626175, periodicGPS, 2000.0,
2014-12-14 17:08:20, 35.516678, 139.626175, periodicGPS, 2000.0,
2014-12-14 17:10:20, 35.516678, 139.626175, periodicGPS, 2000.0,
2014-12-14 17:12:20, 35.516678, 139.626175, periodicGPS, 2000.0,
2014-12-14 17:14:20, 35.516678, 139.626175, periodicGPS, 2000.0,
2014-12-14 17:16:20, 35.516678, 139.626175, periodicGPS, 2000.0,
2014-12-14 17:18:20, 35.516678, 139.626175, periodicGPS, 2000.0,
2014-12-14 17:20:20, 35.516678, 139.626175, periodicGPS, 2000.0,
2014-12-14 17:22:20, 35.516678, 139.626175, periodicGPS, 2000.0,
2014-12-14 17:24:20, 35.516678, 139.626175, periodicGPS, 2000.0,
2014-12-14 17:26:20, 35.516678, 139.626175, periodicGPS, 2000.0,
2014-12-14 17:28:20, 35.516678, 139.626175, periodicGPS, 2000.0,
2014-12-14 17:30:20, 35.516678, 139.626175, periodicGPS, 2000.0,
2014-12-14 17:32:20, 35.516678, 139.626175, periodicGPS, 2000.0,
2014-12-14 17:34:20, 35.516678, 139.626175, periodicGPS, 2000.0,
2014-12-14 17:36:20, 35.516678, 139.626175, periodicGPS, 2000.0,
2014-12-14 17:38:20, 35.516678, 139.626175, periodicGPS, 2000.0,
2014-12-14 17:40:20, 35.516678, 139.626175, periodicGPS, 2000.0,
2014-12-14 17:42:20, 35.516678, 139.626175, periodicGPS, 2000.0,
2014-12-14 17:44:20, 35.516678, 139.626175, periodicGPS, 2000.0,
2014-12-14 17:46:20, 35.516678, 139.626175, periodicGPS, 2000.0,
2014-12-14 17:48:21, 35.516678, 139.626175, periodicGPS, 2000.0,
2014-12-14 17:50:21, 35.516678, 139.626175, periodicGPS, 2000.0,
2014-12-14 17:52:21, 35.516678, 139.626175, periodicGPS, 2000.0,
2014-12-14 17:54:21, 35.516678, 139.626175, periodicGPS, 2000.0,
2014-12-14 17:56:21, 35.516678, 139.626175, periodicGPS, 2000.0,
2014-12-14 17:58:21, 35.516678, 139.626175, periodicGPS, 2000.0,
2014-12-14 18:00:21, 35.516678, 139.626175, periodicGPS, 2000.0,
2014-12-14 18:02:21, 35.519184, 139.623638, periodicGPS, 2000.0,
2014-12-14 18:04:21, 35.519182, 139.623640, periodicGPS, 2000.0,
2014-12-14 18:06:21, 35.519180, 139.623642, periodicGPS, 2000.0,
2014-12-14 18:08:21, 35.522441, 139.622737, normalCell, 10.0,
2014-12-14 18:08:23, 35.522441, 139.622722, periodicGPS, 10.0,
2014-12-14 18:10:22, 35.519630, 139.624273, periodicGPS, 527.032017,
2014-12-14 18:12:21, 35.519233, 139.623698, periodicGPS, 1414.117302,
2014-12-14 18:14:21, 35.520754, 139.625195, periodicGPS, 1414.0,
2014-12-14 18:16:21, 35.519708, 139.629869, periodicGPS, 1414.0,
2014-12-14 18:18:21, 35.521811, 139.629561, periodicGPS, 50.0,
2014-12-14 18:20:22, 35.522448, 139.629963, periodicGPS, 50.0,
2014-12-14 18:22:23, 35.522127, 139.629876, normalCell, 10.0,
2014-12-14 18:22:23, 35.522127, 139.629876, periodicGPS, 10.0,
2014-12-14 18:24:21, 35.521921, 139.629023, periodicGPS, 200.0,
2014-12-14 18:26:21, 35.537293, 139.635079, periodicGPS, 10.0,
2014-12-14 18:27:24, 35.540729, 139.638035, normalCell, 1281.864292,
2014-12-14 18:28:21, 35.552902, 139.643160, periodicGPS, 1430.094078,
2014-12-14 18:30:21, 35.563505, 139.653722, periodicGPS, 10.0,
2014-12-14 18:32:21, 35.575508, 139.658750, periodicGPS, 30.0,
2014-12-14 18:33:22, 35.578354, 139.659645, normalCell, 1339.336157,
2014-12-14 18:34:21, 35.580773, 139.662222, periodicGPS, 100.0,
2014-12-14 18:36:21, 35.590017, 139.669100, periodicGPS, 50.0,
2014-12-14 18:38:21, 35.594537, 139.673292, periodicGPS, 1496.175878,
2014-12-14 18:38:23, 35.593906, 139.672548, normalCell, 1500.674595,
2014-12-14 18:40:21, 35.607721, 139.668738, periodicGPS, 30.0,
2014-12-14 18:42:21, 35.607698, 139.668810, periodicGPS, 10.0,
2014-12-14 18:43:41, 35.607917, 139.670034, normalCell, 1414.0,
2014-12-14 18:44:21, 35.611176, 139.670853, periodicGPS, 10.0,
2014-12-14 18:46:21, 35.622583, 139.680804, periodicGPS, 50.0,
2014-12-14 18:48:21, 35.629301, 139.685983, periodicGPS, 1414.0,
2014-12-14 18:49:23, 35.629080, 139.685706, normalCell, 1414.0,
2014-12-14 18:50:11, 35.628472, 139.686453, clVisit, 52.270877,
2014-12-14 18:50:21, 35.628282, 139.686283, periodicGPS, 10.0,
2014-12-14 18:52:21, 35.625930, 139.688082, periodicGPS, 1414.0,
2014-12-14 18:54:21, 35.625939, 139.688085, periodicGPS, 1414.0,
2014-12-14 18:54:41, 35.629080, 139.685706, backgroundFetchCell, 1414.0,
2014-12-14 18:56:21, 35.625988, 139.688048, periodicGPS, 1414.0,
2014-12-14 18:58:21, 35.628244, 139.686417, periodicGPS, 200.0,
2014-12-14 19:00:21, 35.626509, 139.687694, periodicGPS, 1414.0,
2014-12-14 19:02:21, 35.625989, 139.688050, periodicGPS, 1414.0,
2014-12-14 19:04:21, 35.626498, 139.687734, periodicGPS, 1414.0,
2014-12-14 19:06:21, 35.628228, 139.686666, periodicGPS, 50.0,
2014-12-14 19:08:21, 35.626507, 139.687733, periodicGPS, 1414.0,
2014-12-14 19:09:41, 35.629080, 139.685706, backgroundFetchCell, 1414.0,
2014-12-14 19:10:21, 35.628234, 139.686599, periodicGPS, 200.0,
2014-12-14 19:12:21, 35.628224, 139.686606, periodicGPS, 200.003114,
2014-12-14 19:14:21, 35.628152, 139.686464, periodicGPS, 50.0,
2014-12-14 19:16:21, 35.628228, 139.686570, periodicGPS, 200.0,
2014-12-14 19:18:21, 35.626505, 139.687710, periodicGPS, 1414.0,
2014-12-14 19:20:21, 35.626512, 139.687728, periodicGPS, 1414.0,
2014-12-14 19:22:21, 35.626512, 139.687735, periodicGPS, 1414.0,
2014-12-14 19:24:21, 35.625942, 139.688083, periodicGPS, 1414.0,
2014-12-14 19:24:41, 35.629080, 139.685706, backgroundFetchCell, 1414.0,
2014-12-14 19:26:21, 35.625988, 139.688054, periodicGPS, 1414.0,
2014-12-14 19:28:21, 35.625940, 139.688084, periodicGPS, 1414.0,
2014-12-14 19:30:21, 35.626533, 139.687731, periodicGPS, 1414.0,
2014-12-14 19:32:21, 35.625948, 139.688079, periodicGPS, 1414.0,
2014-12-14 19:34:21, 35.625939, 139.688085, periodicGPS, 1414.0,
2014-12-14 19:36:21, 35.625939, 139.688085, periodicGPS, 1414.0,
2014-12-14 19:38:21, 35.628371, 139.686523, periodicGPS, 50.0,
2014-12-14 19:39:41, 35.629080, 139.685706, backgroundFetchCell, 1414.0,
2014-12-14 19:40:21, 35.626553, 139.687731, periodicGPS, 1414.0,
2014-12-14 19:42:21, 35.628312, 139.686517, periodicGPS, 50.0,
2014-12-14 19:44:21, 35.628331, 139.686551, periodicGPS, 200.0,
2014-12-14 19:46:21, 35.626530, 139.687706, periodicGPS, 1414.0,
2014-12-14 19:48:21, 35.628341, 139.686587, periodicGPS, 50.0,
2014-12-14 19:50:21, 35.628356, 139.686611, periodicGPS, 10.0,
2014-12-14 19:52:21, 35.628384, 139.686651, periodicGPS, 10.0,
2014-12-14 19:54:21, 35.628341, 139.686581, periodicGPS, 10.0,
2014-12-14 19:56:21, 35.628266, 139.686501, periodicGPS, 10.0,
2014-12-14 19:58:21, 35.628266, 139.686501, periodicGPS, 10.0,
2014-12-14 20:00:21, 35.628243, 139.686454, periodicGPS, 10.0,
2014-12-14 20:02:11, 35.629080, 139.685706, backgroundFetchCell, 1414.0,
2014-12-14 20:02:21, 35.628239, 139.686448, periodicGPS, 30.0,
2014-12-14 20:04:21, 35.626505, 139.687682, periodicGPS, 1414.0,
2014-12-14 20:06:21, 35.625948, 139.688079, periodicGPS, 1414.0,
2014-12-14 20:08:21, 35.625939, 139.688085, periodicGPS, 1414.0,
2014-12-14 20:10:21, 35.625939, 139.688085, periodicGPS, 1414.0,
2014-12-14 20:12:21, 35.625939, 139.688085, periodicGPS, 1414.0,
2014-12-14 20:14:21, 35.625939, 139.688085, periodicGPS, 1414.0,
2014-12-14 20:16:21, 35.625939, 139.688085, periodicGPS, 1414.0,
2014-12-14 20:17:11, 35.629080, 139.685706, backgroundFetchCell, 1414.0,
2014-12-14 20:18:21, 35.625939, 139.688085, periodicGPS, 1414.0,
2014-12-14 20:20:21, 35.625939, 139.688085, periodicGPS, 1414.0,
2014-12-14 20:22:21, 35.625939, 139.688085, periodicGPS, 1414.0,
2014-12-14 20:24:21, 35.625939, 139.688085, periodicGPS, 1414.0,
2014-12-14 20:26:21, 35.628334, 139.686529, periodicGPS, 50.0,
2014-12-14 20:28:21, 35.628335, 139.686549, periodicGPS, 50.0,
2014-12-14 20:30:21, 35.628336, 139.686557, periodicGPS, 50.0,
2014-12-14 20:32:21, 35.628342, 139.686584, periodicGPS, 100.0,
2014-12-14 20:34:21, 35.626534, 139.687713, periodicGPS, 1414.0,
2014-12-14 20:36:21, 35.625948, 139.688079, periodicGPS, 1414.0,
2014-12-14 20:38:21, 35.628327, 139.686577, periodicGPS, 200.0,
2014-12-14 20:39:41, 35.629080, 139.685706, backgroundFetchCell, 1414.0,
2014-12-14 20:40:21, 35.628318, 139.686580, periodicGPS, 200.0,
2014-12-14 20:42:21, 35.628312, 139.686569, periodicGPS, 200.0,
2014-12-14 20:44:21, 35.626528, 139.687708, periodicGPS, 1414.0,
2014-12-14 20:46:21, 35.626514, 139.687711, periodicGPS, 1414.0,
2014-12-14 20:48:21, 35.628303, 139.686535, periodicGPS, 200.0,
2014-12-14 20:49:25, 35.629080, 139.685706, backgroundFetchCell, 1414.0,
2014-12-14 20:50:21, 35.626347, 139.687817, periodicGPS, 1414.0,
2014-12-14 20:52:21, 35.625930, 139.688091, periodicGPS, 1414.0,
2014-12-14 20:54:21, 35.625939, 139.688085, periodicGPS, 1414.0,
2014-12-14 20:56:21, 35.628200, 139.686564, periodicGPS, 50.0,
2014-12-14 20:58:21, 35.626230, 139.687889, periodicGPS, 1414.0,
2014-12-14 21:00:21, 35.625917, 139.688103, periodicGPS, 1414.0,
2014-12-14 21:02:11, 35.629080, 139.685706, backgroundFetchCell, 1414.0,
2014-12-14 21:02:21, 35.628282, 139.686460, periodicGPS, 200.0,
2014-12-14 21:04:21, 35.628338, 139.686629, periodicGPS, 50.0,
2014-12-14 21:06:21, 35.628336, 139.686610, periodicGPS, 30.0,
2014-12-14 21:08:21, 35.628221, 139.686444, periodicGPS, 200.0,
2014-12-14 21:10:21, 35.628232, 139.686450, periodicGPS, 10.0,
2014-12-14 21:12:21, 35.628243, 139.686493, periodicGPS, 10.0,
2014-12-14 21:12:32, 35.629080, 139.685706, backgroundFetchCell, 1414.0,
2014-12-14 21:14:21, 35.628362, 139.686590, periodicGPS, 30.0,
2014-12-14 21:16:21, 35.626535, 139.687717, periodicGPS, 1414.0,
2014-12-14 21:18:21, 35.625948, 139.688079, periodicGPS, 1414.0,
2014-12-14 21:20:21, 35.628322, 139.686416, periodicGPS, 100.0,
2014-12-14 21:22:21, 35.626501, 139.687721, periodicGPS, 1414.0,
2014-12-14 21:24:21, 35.626183, 139.687930, periodicGPS, 1414.0,
2014-12-14 21:24:41, 35.629080, 139.685706, backgroundFetchCell, 1414.0,
2014-12-14 21:26:22, 35.628332, 139.686749, periodicGPS, 200.0,
2014-12-14 21:28:21, 35.628284, 139.686486, periodicGPS, 200.0,
2014-12-14 21:30:21, 35.626502, 139.687700, periodicGPS, 1414.0,
2014-12-14 21:32:21, 35.628298, 139.686608, periodicGPS, 100.0,
2014-12-14 21:33:25, 35.629080, 139.685706, backgroundFetchCell, 1414.0,
2014-12-14 21:34:21, 35.626341, 139.687833, periodicGPS, 1414.0,
2014-12-14 21:36:21, 35.626335, 139.687832, periodicGPS, 1414.0,
2014-12-14 21:38:21, 35.628387, 139.686547, periodicGPS, 50.0,
2014-12-14 21:40:21, 35.626245, 139.687832, periodicGPS, 1414.0,
2014-12-14 21:42:21, 35.625943, 139.688081, periodicGPS, 1414.0,
2014-12-14 21:44:21, 35.625939, 139.688085, periodicGPS, 1414.0,
2014-12-14 21:46:21, 35.625939, 139.688085, periodicGPS, 1414.0,
2014-12-14 21:47:12, 35.629080, 139.685706, backgroundFetchCell, 1414.0,
2014-12-14 21:48:21, 35.625939, 139.688085, periodicGPS, 1414.0,
2014-12-14 21:50:21, 35.627950, 139.686234, periodicGPS, 50.0,
2014-12-14 21:52:21, 35.626157, 139.687847, periodicGPS, 1414.0,
2014-12-14 21:54:21, 35.628149, 139.686813, periodicGPS, 200.0,
2014-12-14 21:56:21, 35.626193, 139.687919, periodicGPS, 1414.0,
2014-12-14 21:58:21, 35.628350, 139.686354, periodicGPS, 50.0,
2014-12-14 22:00:21, 35.626284, 139.687837, periodicGPS, 1414.0,
2014-12-14 22:02:21, 35.628419, 139.687173, periodicGPS, 50.0,
2014-12-14 22:04:21, 35.626409, 139.687893, periodicGPS, 1414.0,
2014-12-14 22:06:21, 35.628428, 139.686887, periodicGPS, 200.0,
2014-12-14 22:08:21, 35.628439, 139.686853, periodicGPS, 50.0,
2014-12-14 22:10:21, 35.626558, 139.687780, periodicGPS, 1414.0,
2014-12-14 22:12:21, 35.628412, 139.686852, periodicGPS, 200.0,
2014-12-14 22:14:21, 35.626548, 139.687781, periodicGPS, 1414.0,
2014-12-14 22:16:21, 35.628351, 139.686857, periodicGPS, 400.0,
2014-12-14 22:18:21, 35.628407, 139.686817, periodicGPS, 200.0,
2014-12-14 22:20:21, 35.626464, 139.687815, periodicGPS, 1414.0,
2014-12-14 22:22:21, 35.628372, 139.686727, periodicGPS, 200.0,
2014-12-14 22:24:21, 35.628379, 139.686704, periodicGPS, 200.0,
2014-12-14 22:26:21, 35.628109, 139.687818, periodicGPS, 200.0,
2014-12-14 22:28:21, 35.628296, 139.686278, periodicGPS, 200.0,
2014-12-14 22:30:21, 35.626522, 139.687637, periodicGPS, 1414.0,
2014-12-14 22:31:18, 35.629080, 139.685706, backgroundFetchCell, 1414.0,
2014-12-14 22:32:21, 35.625947, 139.688078, periodicGPS, 1414.0,
2014-12-14 22:34:21, 35.625939, 139.688085, periodicGPS, 1414.0,
2014-12-14 22:36:21, 35.625939, 139.688085, periodicGPS, 1414.0,
2014-12-14 22:38:21, 35.625939, 139.688085, periodicGPS, 1414.0,
2014-12-14 22:40:21, 35.625939, 139.688085, periodicGPS, 1414.0,
2014-12-14 22:42:21, 35.625939, 139.688085, periodicGPS, 1414.0,
2014-12-14 22:43:02, 35.629080, 139.685706, backgroundFetchCell, 1414.0,
2014-12-14 22:44:21, 35.625939, 139.688085, periodicGPS, 1414.0,
2014-12-14 22:46:21, 35.626025, 139.687977, periodicGPS, 1414.0,
2014-12-14 22:48:21, 35.625938, 139.688086, periodicGPS, 1414.0,
2014-12-14 22:50:21, 35.625939, 139.688085, periodicGPS, 1414.0,
2014-12-14 22:52:21, 35.625939, 139.688085, periodicGPS, 1414.0,
2014-12-14 22:54:21, 35.625939, 139.688085, periodicGPS, 1414.0,
2014-12-14 22:56:21, 35.625939, 139.688085, periodicGPS, 1414.0,
2014-12-14 22:58:21, 35.625939, 139.688085, periodicGPS, 1414.0,
2014-12-14 22:58:36, 35.629080, 139.685706, backgroundFetchCell, 1414.0,
2014-12-14 23:00:21, 35.625939, 139.688085, periodicGPS, 1414.0,
2014-12-14 23:02:21, 35.625939, 139.688085, periodicGPS, 1414.0,
2014-12-14 23:04:21, 35.625939, 139.688085, periodicGPS, 1414.0,
2014-12-14 23:06:21, 35.626488, 139.687695, periodicGPS, 1414.0,
2014-12-14 23:08:21, 35.625943, 139.688082, periodicGPS, 1414.0,
2014-12-14 23:10:21, 35.625939, 139.688085, periodicGPS, 1414.0,
2014-12-14 23:12:21, 35.625939, 139.688085, periodicGPS, 1414.0,
2014-12-14 23:13:02, 35.629080, 139.685706, backgroundFetchCell, 1414.0,
2014-12-14 23:14:21, 35.625939, 139.688085, periodicGPS, 1414.0,
2014-12-14 23:16:21, 35.625939, 139.688085, periodicGPS, 1414.0,
2014-12-14 23:18:21, 35.625939, 139.688085, periodicGPS, 1414.0,
2014-12-14 23:20:21, 35.625939, 139.688085, periodicGPS, 1414.0,
2014-12-14 23:22:21, 35.625939, 139.688085, periodicGPS, 1414.0,
2014-12-14 23:22:21, 35.629080, 139.685706, backgroundFetchCell, 1414.0,
2014-12-14 23:24:21, 35.626058, 139.688043, periodicGPS, 1414.0,
2014-12-14 23:26:21, 35.625940, 139.688084, periodicGPS, 1414.0,
2014-12-14 23:28:21, 35.625939, 139.688085, periodicGPS, 1414.0,
2014-12-14 23:30:21, 35.629038, 139.687654, periodicGPS, 200.0,
2014-12-14 23:32:21, 35.626430, 139.687724, periodicGPS, 1414.0,
2014-12-14 23:34:21, 35.625946, 139.688079, periodicGPS, 1414.0,
2014-12-14 23:36:21, 35.625939, 139.688085, periodicGPS, 1414.0,
2014-12-14 23:38:21, 35.625939, 139.688085, periodicGPS, 1414.0,
2014-12-14 23:39:44, 35.629080, 139.685706, backgroundFetchCell, 1414.0,
2014-12-14 23:40:21, 35.625939, 139.688085, periodicGPS, 1414.0,
2014-12-14 23:42:21, 35.625939, 139.688085, periodicGPS, 1414.0,
2014-12-14 23:44:21, 35.625939, 139.688085, periodicGPS, 1414.0,
2014-12-14 23:46:21, 35.625939, 139.688085, periodicGPS, 1414.0,
2014-12-14 23:48:21, 35.625939, 139.688085, periodicGPS, 1414.0,
2014-12-14 23:50:21, 35.625939, 139.688085, periodicGPS, 1414.0,
2014-12-14 23:52:21, 35.625939, 139.688085, periodicGPS, 1414.0,
2014-12-14 23:54:21, 35.625939, 139.688085, periodicGPS, 1414.0,
2014-12-14 23:56:21, 35.625939, 139.688085, periodicGPS, 1414.0,
2014-12-14 23:58:21, 35.625939, 139.688085, periodicGPS, 1414.0,